Metric,Value
MAE,"[0.56919676, 0.6263715, 0.7044432, 0.6656475, 0.5076553, 0.42456174, 0.4271039, 0.44923422, 0.45437175, 0.4342801, 0.4275503, 0.42678145, 0.4247708, 0.42506734, 0.4252324, 0.44200298, 0.52170813, 0.523856, 0.50999254, 0.49900126, 0.494574, 0.49175462, 0.488795, 0.48431855, 0.48450583, 0.481784, 0.4788021, 0.4786938, 0.47775996, 0.47679946, 0.47554058, 0.48240227]"
MSE,"[0.5184323, 0.6349083, 0.7544696, 0.6754631, 0.42594773, 0.34704512, 0.33971557, 0.34981456, 0.35085943, 0.33088365, 0.32250318, 0.32256934, 0.31750125, 0.31606188, 0.31622928, 0.3384137, 0.45190126, 0.4448279, 0.42560515, 0.40433535, 0.3881074, 0.38112596, 0.37667695, 0.36897764, 0.36489186, 0.35909393, 0.3543096, 0.35201487, 0.34771472, 0.34569266, 0.342411, 0.35175535]"
Accuracy,"[0.4468804023259469, 0.41065535124941066, 0.34677039132484677, 0.3558855885588559, 0.5381109539525382, 0.6338205249096338, 0.6409712399811409, 0.5973597359735974, 0.5792865000785793, 0.6118969039761119, 0.6232909005186232, 0.6211692597831212, 0.6191261983341191, 0.6156687097281157, 0.6126826968411127, 0.5880503144654088, 0.49842841426999845, 0.5005500550055005, 0.5141442715700142, 0.5264026402640264, 0.5176803394625177, 0.517994656608518, 0.517994656608518, 0.523023730944523, 0.5168159673110169, 0.5181518151815182, 0.5227879930850228, 0.5157944365865158, 0.5135156372780135, 0.5116297344020116, 0.5134370579915134, 0.5095337925526605]"
