Metric,Value
MAE,"[0.56919676, 0.6263715, 0.7044432, 0.6656475, 0.5076553, 0.42456174, 0.4271039, 0.44923422, 0.45437175, 0.4342801, 0.4275503, 0.42678145, 0.4247708, 0.42506734, 0.4252324, 0.44200298]"
MSE,"[0.5184323, 0.6349083, 0.7544696, 0.6754631, 0.42594773, 0.34704512, 0.33971557, 0.34981456, 0.35085943, 0.33088365, 0.32250318, 0.32256934, 0.31750125, 0.31606188, 0.31622928, 0.3384137]"
Accuracy,"[0.4468804023259469, 0.41065535124941066, 0.34677039132484677, 0.3558855885588559, 0.5381109539525382, 0.6338205249096338, 0.6409712399811409, 0.5973597359735974, 0.5792865000785793, 0.6118969039761119, 0.6232909005186232, 0.6211692597831212, 0.6191261983341191, 0.6156687097281157, 0.6126826968411127, 0.5880503144654088]"
